<?xml version="1.0" encoding="UTF-8"?>
<export version="D">
  <design>
    <source>/Users/shuya/Documents/KiCad/RFID_FB_NKG/RFID_FB_NKG.sch</source>
    <date>2021 August 13, Friday 14:10:00</date>
    <tool>Eeschema (5.1.10-1-10_14)</tool>
    <sheet number="1" name="/" tstamps="/">
      <title_block>
        <title>RFID_FB_NKG</title>
        <company>Ishikuro Laboratory</company>
        <rev/>
        <date>2021-07-28</date>
        <source>RFID_FB_NKG.sch</source>
        <comment number="1" value="Shuya Nakagawa"/>
        <comment number="2" value=""/>
        <comment number="3" value=""/>
        <comment number="4" value=""/>
      </title_block>
    </sheet>
    <sheet number="2" name="/ATT_HMC1119LP/" tstamps="/60F69B08/">
      <title_block>
        <title>RFID_FB_NKG</title>
        <company>Ishikuro Laboratory</company>
        <rev/>
        <date>2021-07-20</date>
        <source>ATT_HMC1119LP.sch</source>
        <comment number="1" value="Shuya Nakagawa"/>
        <comment number="2" value=""/>
        <comment number="3" value=""/>
        <comment number="4" value=""/>
      </title_block>
    </sheet>
    <sheet number="3" name="/PS_HMC1133/" tstamps="/60F68129/">
      <title_block>
        <title>RFID_FB_NKG</title>
        <company>Ishikuro Laboratory</company>
        <rev/>
        <date>2021-07-20</date>
        <source>PS_HMC1133.sch</source>
        <comment number="1" value="Shuya Nakagawa"/>
        <comment number="2" value=""/>
        <comment number="3" value=""/>
        <comment number="4" value=""/>
      </title_block>
    </sheet>
    <sheet number="4" name="/PA_HMC408/" tstamps="/60FE61A9/">
      <title_block>
        <title/>
        <company/>
        <rev/>
        <date/>
        <source>PA_HMC408.sch</source>
        <comment number="1" value=""/>
        <comment number="2" value=""/>
        <comment number="3" value=""/>
        <comment number="4" value=""/>
      </title_block>
    </sheet>
  </design>
  <components>
    <comp ref="J4">
      <value>SMA</value>
      <footprint>ilab:CinchConnectivitySolutions_SMA_142-0761-881</footprint>
      <datasheet> ~</datasheet>
      <libsource lib="Connector" part="Conn_Coaxial" description="coaxial connector (BNC, SMA, SMB, SMC, Cinch/RCA, ...)"/>
      <sheetpath names="/" tstamps="/"/>
      <tstamp>60FE78BE</tstamp>
    </comp>
    <comp ref="J8">
      <value>SMA</value>
      <footprint>ilab:CinchConnectivitySolutions_SMA_142-0761-881</footprint>
      <datasheet> ~</datasheet>
      <libsource lib="Connector" part="Conn_Coaxial" description="coaxial connector (BNC, SMA, SMB, SMC, Cinch/RCA, ...)"/>
      <sheetpath names="/" tstamps="/"/>
      <tstamp>60FE7E4E</tstamp>
    </comp>
    <comp ref="J5">
      <value>SMA</value>
      <footprint>ilab:CinchConnectivitySolutions_SMA_142-0761-881</footprint>
      <datasheet> ~</datasheet>
      <libsource lib="Connector" part="Conn_Coaxial" description="coaxial connector (BNC, SMA, SMB, SMC, Cinch/RCA, ...)"/>
      <sheetpath names="/" tstamps="/"/>
      <tstamp>60FF334B</tstamp>
    </comp>
    <comp ref="R35">
      <value>50</value>
      <footprint>Resistor_SMD:R_0603_1608Metric</footprint>
      <datasheet>~</datasheet>
      <libsource lib="Device" part="R" description="Resistor"/>
      <sheetpath names="/" tstamps="/"/>
      <tstamp>60FF58D2</tstamp>
    </comp>
    <comp ref="R36">
      <value>50</value>
      <footprint>Resistor_SMD:R_0603_1608Metric</footprint>
      <datasheet>~</datasheet>
      <libsource lib="Device" part="R" description="Resistor"/>
      <sheetpath names="/" tstamps="/"/>
      <tstamp>610010DD</tstamp>
    </comp>
    <comp ref="J9">
      <value>SMA</value>
      <footprint>ilab:CinchConnectivitySolutions_SMA_142-0761-881</footprint>
      <datasheet> ~</datasheet>
      <libsource lib="Connector" part="Conn_Coaxial" description="coaxial connector (BNC, SMA, SMB, SMC, Cinch/RCA, ...)"/>
      <sheetpath names="/" tstamps="/"/>
      <tstamp>610D05F6</tstamp>
    </comp>
    <comp ref="H1">
      <value>MountingHole</value>
      <footprint>MountingHole:MountingHole_3.2mm_M3_Pad_Via</footprint>
      <datasheet>~</datasheet>
      <libsource lib="Mechanical" part="MountingHole_Pad" description="Mounting Hole with connection"/>
      <sheetpath names="/" tstamps="/"/>
      <tstamp>610876A7</tstamp>
    </comp>
    <comp ref="H2">
      <value>MountingHole</value>
      <footprint>MountingHole:MountingHole_3.2mm_M3_Pad_Via</footprint>
      <datasheet>~</datasheet>
      <libsource lib="Mechanical" part="MountingHole_Pad" description="Mounting Hole with connection"/>
      <sheetpath names="/" tstamps="/"/>
      <tstamp>61089033</tstamp>
    </comp>
    <comp ref="H3">
      <value>MountingHole</value>
      <footprint>MountingHole:MountingHole_3.2mm_M3_Pad_Via</footprint>
      <datasheet>~</datasheet>
      <libsource lib="Mechanical" part="MountingHole_Pad" description="Mounting Hole with connection"/>
      <sheetpath names="/" tstamps="/"/>
      <tstamp>6108A64E</tstamp>
    </comp>
    <comp ref="H4">
      <value>MountingHole</value>
      <footprint>MountingHole:MountingHole_3.2mm_M3_Pad_Via</footprint>
      <datasheet>~</datasheet>
      <libsource lib="Mechanical" part="MountingHole_Pad" description="Mounting Hole with connection"/>
      <sheetpath names="/" tstamps="/"/>
      <tstamp>6108A65A</tstamp>
    </comp>
    <comp ref="J7">
      <value>Conn_01x01</value>
      <footprint>Connector:Banana_Jack_1Pin</footprint>
      <datasheet>~</datasheet>
      <libsource lib="Connector_Generic" part="Conn_01x01" description="Generic connector, single row, 01x01, script generated (kicad-library-utils/schlib/autogen/connector/)"/>
      <sheetpath names="/" tstamps="/"/>
      <tstamp>610BE3B8</tstamp>
    </comp>
    <comp ref="J6">
      <value>Conn_01x01</value>
      <footprint>Connector:Banana_Jack_1Pin</footprint>
      <datasheet>~</datasheet>
      <libsource lib="Connector_Generic" part="Conn_01x01" description="Generic connector, single row, 01x01, script generated (kicad-library-utils/schlib/autogen/connector/)"/>
      <sheetpath names="/" tstamps="/"/>
      <tstamp>610BE97F</tstamp>
    </comp>
    <comp ref="J14">
      <value>Conn_01x01</value>
      <footprint>Connector:Banana_Jack_1Pin</footprint>
      <datasheet>~</datasheet>
      <libsource lib="Connector_Generic" part="Conn_01x01" description="Generic connector, single row, 01x01, script generated (kicad-library-utils/schlib/autogen/connector/)"/>
      <sheetpath names="/" tstamps="/"/>
      <tstamp>610BEB81</tstamp>
    </comp>
    <comp ref="J13">
      <value>Conn_01x01</value>
      <footprint>Connector:Banana_Jack_1Pin</footprint>
      <datasheet>~</datasheet>
      <libsource lib="Connector_Generic" part="Conn_01x01" description="Generic connector, single row, 01x01, script generated (kicad-library-utils/schlib/autogen/connector/)"/>
      <sheetpath names="/" tstamps="/"/>
      <tstamp>610C55E1</tstamp>
    </comp>
    <comp ref="J12">
      <value>Conn_01x01</value>
      <footprint>Connector:Banana_Jack_1Pin</footprint>
      <datasheet>~</datasheet>
      <libsource lib="Connector_Generic" part="Conn_01x01" description="Generic connector, single row, 01x01, script generated (kicad-library-utils/schlib/autogen/connector/)"/>
      <sheetpath names="/" tstamps="/"/>
      <tstamp>610C55E7</tstamp>
    </comp>
    <comp ref="TP5">
      <value>TestPoint_Small</value>
      <footprint>TestPoint:TestPoint_THTPad_D2.0mm_Drill1.0mm</footprint>
      <datasheet>~</datasheet>
      <libsource lib="Connector" part="TestPoint_Small" description="test point"/>
      <sheetpath names="/" tstamps="/"/>
      <tstamp>610EC4CA</tstamp>
    </comp>
    <comp ref="TP6">
      <value>TestPoint_Small</value>
      <footprint>TestPoint:TestPoint_THTPad_D2.0mm_Drill1.0mm</footprint>
      <datasheet>~</datasheet>
      <libsource lib="Connector" part="TestPoint_Small" description="test point"/>
      <sheetpath names="/" tstamps="/"/>
      <tstamp>610EC675</tstamp>
    </comp>
    <comp ref="TP7">
      <value>TestPoint_Small</value>
      <footprint>TestPoint:TestPoint_THTPad_D2.0mm_Drill1.0mm</footprint>
      <datasheet>~</datasheet>
      <libsource lib="Connector" part="TestPoint_Small" description="test point"/>
      <sheetpath names="/" tstamps="/"/>
      <tstamp>610EC881</tstamp>
    </comp>
    <comp ref="U3">
      <value>FPC06152</value>
      <footprint>ilab:FPC06152</footprint>
      <libsource lib="ilab" part="FPC06152" description=""/>
      <sheetpath names="/" tstamps="/"/>
      <tstamp>611602DF</tstamp>
    </comp>
    <comp ref="U4">
      <value>FPC06152</value>
      <footprint>ilab:FPC06152</footprint>
      <libsource lib="ilab" part="FPC06152" description=""/>
      <sheetpath names="/" tstamps="/"/>
      <tstamp>61169E5A</tstamp>
    </comp>
    <comp ref="U1">
      <value>HMC1119LP4ME</value>
      <footprint>ilab:HMC1119LP4ME</footprint>
      <datasheet>https://www.analog.com/media/en/technical-documentation/data-sheets/hmc1119.pdf</datasheet>
      <libsource lib="ilab" part="HMC1119LP4ME" description=""/>
      <sheetpath names="/ATT_HMC1119LP/" tstamps="/60F69B08/"/>
      <tstamp>60F6AAF3</tstamp>
    </comp>
    <comp ref="C11">
      <value>100pF/X7R/(0402)</value>
      <footprint>Capacitor_SMD:C_0402_1005Metric</footprint>
      <datasheet>~</datasheet>
      <libsource lib="Device" part="C_Small" description="Unpolarized capacitor, small symbol"/>
      <sheetpath names="/ATT_HMC1119LP/" tstamps="/60F69B08/"/>
      <tstamp>60F6C48D</tstamp>
    </comp>
    <comp ref="C16">
      <value>100pF/X7R/(0402)</value>
      <footprint>Capacitor_SMD:C_0402_1005Metric</footprint>
      <datasheet>~</datasheet>
      <libsource lib="Device" part="C_Small" description="Unpolarized capacitor, small symbol"/>
      <sheetpath names="/ATT_HMC1119LP/" tstamps="/60F69B08/"/>
      <tstamp>60F6CD0D</tstamp>
    </comp>
    <comp ref="C5">
      <value>100pF/X7R/(0402)</value>
      <footprint>Capacitor_SMD:C_0402_1005Metric</footprint>
      <datasheet>~</datasheet>
      <libsource lib="Device" part="C_Small" description="Unpolarized capacitor, small symbol"/>
      <sheetpath names="/ATT_HMC1119LP/" tstamps="/60F69B08/"/>
      <tstamp>60F6D72A</tstamp>
    </comp>
    <comp ref="C6">
      <value>100pF/X7R/(0402)</value>
      <footprint>Capacitor_SMD:C_0402_1005Metric</footprint>
      <datasheet>~</datasheet>
      <libsource lib="Device" part="C_Small" description="Unpolarized capacitor, small symbol"/>
      <sheetpath names="/ATT_HMC1119LP/" tstamps="/60F69B08/"/>
      <tstamp>60F6E64A</tstamp>
    </comp>
    <comp ref="C7">
      <value>100pF/X7R/(0402)</value>
      <footprint>Capacitor_SMD:C_0402_1005Metric</footprint>
      <datasheet>~</datasheet>
      <libsource lib="Device" part="C_Small" description="Unpolarized capacitor, small symbol"/>
      <sheetpath names="/ATT_HMC1119LP/" tstamps="/60F69B08/"/>
      <tstamp>60F7024C</tstamp>
    </comp>
    <comp ref="C8">
      <value>100pF/X7R/(0402)</value>
      <footprint>Capacitor_SMD:C_0402_1005Metric</footprint>
      <datasheet>~</datasheet>
      <libsource lib="Device" part="C_Small" description="Unpolarized capacitor, small symbol"/>
      <sheetpath names="/ATT_HMC1119LP/" tstamps="/60F69B08/"/>
      <tstamp>60F70252</tstamp>
    </comp>
    <comp ref="C9">
      <value>100pF/X7R/(0402)</value>
      <footprint>Capacitor_SMD:C_0402_1005Metric</footprint>
      <datasheet>~</datasheet>
      <libsource lib="Device" part="C_Small" description="Unpolarized capacitor, small symbol"/>
      <sheetpath names="/ATT_HMC1119LP/" tstamps="/60F69B08/"/>
      <tstamp>60F70450</tstamp>
    </comp>
    <comp ref="C10">
      <value>100pF/X7R/(0402)</value>
      <footprint>Capacitor_SMD:C_0402_1005Metric</footprint>
      <datasheet>~</datasheet>
      <libsource lib="Device" part="C_Small" description="Unpolarized capacitor, small symbol"/>
      <sheetpath names="/ATT_HMC1119LP/" tstamps="/60F69B08/"/>
      <tstamp>60F70456</tstamp>
    </comp>
    <comp ref="C4">
      <value>100pF/X7R/(0402)</value>
      <footprint>Capacitor_SMD:C_0402_1005Metric</footprint>
      <datasheet>~</datasheet>
      <libsource lib="Device" part="C_Small" description="Unpolarized capacitor, small symbol"/>
      <sheetpath names="/ATT_HMC1119LP/" tstamps="/60F69B08/"/>
      <tstamp>60F86364</tstamp>
    </comp>
    <comp ref="C14">
      <value>100pF/X7R/(0402)</value>
      <footprint>Capacitor_SMD:C_0402_1005Metric</footprint>
      <datasheet>~</datasheet>
      <libsource lib="Device" part="C_Small" description="Unpolarized capacitor, small symbol"/>
      <sheetpath names="/ATT_HMC1119LP/" tstamps="/60F69B08/"/>
      <tstamp>60FA1B9A</tstamp>
    </comp>
    <comp ref="C15">
      <value>100pF/X7R/(0402)</value>
      <footprint>Capacitor_SMD:C_0402_1005Metric</footprint>
      <datasheet>~</datasheet>
      <libsource lib="Device" part="C_Small" description="Unpolarized capacitor, small symbol"/>
      <sheetpath names="/ATT_HMC1119LP/" tstamps="/60F69B08/"/>
      <tstamp>60FA1BA0</tstamp>
    </comp>
    <comp ref="C13">
      <value>100pF/X7R/(0402)</value>
      <footprint>Capacitor_SMD:C_0402_1005Metric</footprint>
      <datasheet>~</datasheet>
      <libsource lib="Device" part="C_Small" description="Unpolarized capacitor, small symbol"/>
      <sheetpath names="/ATT_HMC1119LP/" tstamps="/60F69B08/"/>
      <tstamp>60FA1BB4</tstamp>
    </comp>
    <comp ref="R9">
      <value>0</value>
      <footprint>Resistor_SMD:R_0402_1005Metric</footprint>
      <datasheet>~</datasheet>
      <libsource lib="Device" part="R" description="Resistor"/>
      <sheetpath names="/ATT_HMC1119LP/" tstamps="/60F69B08/"/>
      <tstamp>60FB4EB5</tstamp>
    </comp>
    <comp ref="R10">
      <value>0</value>
      <footprint>Resistor_SMD:R_0402_1005Metric</footprint>
      <datasheet>~</datasheet>
      <libsource lib="Device" part="R" description="Resistor"/>
      <sheetpath names="/ATT_HMC1119LP/" tstamps="/60F69B08/"/>
      <tstamp>60FB80FD</tstamp>
    </comp>
    <comp ref="R11">
      <value>0</value>
      <footprint>Resistor_SMD:R_0402_1005Metric</footprint>
      <datasheet>~</datasheet>
      <libsource lib="Device" part="R" description="Resistor"/>
      <sheetpath names="/ATT_HMC1119LP/" tstamps="/60F69B08/"/>
      <tstamp>60FB837D</tstamp>
    </comp>
    <comp ref="R1">
      <value>0</value>
      <footprint>Resistor_SMD:R_0402_1005Metric</footprint>
      <datasheet>~</datasheet>
      <libsource lib="Device" part="R" description="Resistor"/>
      <sheetpath names="/ATT_HMC1119LP/" tstamps="/60F69B08/"/>
      <tstamp>60FE50FE</tstamp>
    </comp>
    <comp ref="R2">
      <value>0</value>
      <footprint>Resistor_SMD:R_0402_1005Metric</footprint>
      <datasheet>~</datasheet>
      <libsource lib="Device" part="R" description="Resistor"/>
      <sheetpath names="/ATT_HMC1119LP/" tstamps="/60F69B08/"/>
      <tstamp>60FE5104</tstamp>
    </comp>
    <comp ref="R3">
      <value>0</value>
      <footprint>Resistor_SMD:R_0402_1005Metric</footprint>
      <datasheet>~</datasheet>
      <libsource lib="Device" part="R" description="Resistor"/>
      <sheetpath names="/ATT_HMC1119LP/" tstamps="/60F69B08/"/>
      <tstamp>60FE510A</tstamp>
    </comp>
    <comp ref="R4">
      <value>0</value>
      <footprint>Resistor_SMD:R_0402_1005Metric</footprint>
      <datasheet>~</datasheet>
      <libsource lib="Device" part="R" description="Resistor"/>
      <sheetpath names="/ATT_HMC1119LP/" tstamps="/60F69B08/"/>
      <tstamp>60FEAB89</tstamp>
    </comp>
    <comp ref="R5">
      <value>0</value>
      <footprint>Resistor_SMD:R_0402_1005Metric</footprint>
      <datasheet>~</datasheet>
      <libsource lib="Device" part="R" description="Resistor"/>
      <sheetpath names="/ATT_HMC1119LP/" tstamps="/60F69B08/"/>
      <tstamp>60FEAB8F</tstamp>
    </comp>
    <comp ref="R6">
      <value>0</value>
      <footprint>Resistor_SMD:R_0402_1005Metric</footprint>
      <datasheet>~</datasheet>
      <libsource lib="Device" part="R" description="Resistor"/>
      <sheetpath names="/ATT_HMC1119LP/" tstamps="/60F69B08/"/>
      <tstamp>60FEAB95</tstamp>
    </comp>
    <comp ref="R7">
      <value>0</value>
      <footprint>Resistor_SMD:R_0402_1005Metric</footprint>
      <datasheet>~</datasheet>
      <libsource lib="Device" part="R" description="Resistor"/>
      <sheetpath names="/ATT_HMC1119LP/" tstamps="/60F69B08/"/>
      <tstamp>60FF9B0B</tstamp>
    </comp>
    <comp ref="C12">
      <value>100pF/X7R/(0402)</value>
      <footprint>Capacitor_SMD:C_0402_1005Metric</footprint>
      <datasheet>~</datasheet>
      <libsource lib="Device" part="C_Small" description="Unpolarized capacitor, small symbol"/>
      <sheetpath names="/ATT_HMC1119LP/" tstamps="/60F69B08/"/>
      <tstamp>610164CA</tstamp>
    </comp>
    <comp ref="R8">
      <value>0</value>
      <footprint>Resistor_SMD:R_0402_1005Metric</footprint>
      <datasheet>~</datasheet>
      <libsource lib="Device" part="R" description="Resistor"/>
      <sheetpath names="/ATT_HMC1119LP/" tstamps="/60F69B08/"/>
      <tstamp>6101BD83</tstamp>
    </comp>
    <comp ref="C3">
      <value>100pF/X7R/(0402)</value>
      <footprint>Capacitor_SMD:C_0402_1005Metric</footprint>
      <datasheet>~</datasheet>
      <libsource lib="Device" part="C_Small" description="Unpolarized capacitor, small symbol"/>
      <sheetpath names="/ATT_HMC1119LP/" tstamps="/60F69B08/"/>
      <tstamp>61022E1C</tstamp>
    </comp>
    <comp ref="C2">
      <value>1nF (0402)</value>
      <footprint>Capacitor_SMD:C_0402_1005Metric</footprint>
      <datasheet>~</datasheet>
      <libsource lib="Device" part="C_Small" description="Unpolarized capacitor, small symbol"/>
      <sheetpath names="/ATT_HMC1119LP/" tstamps="/60F69B08/"/>
      <tstamp>610307D7</tstamp>
    </comp>
    <comp ref="C1">
      <value>10uF/X5R/(0603)</value>
      <footprint>Capacitor_SMD:C_0603_1608Metric_Pad1.05x0.95mm_HandSolder</footprint>
      <datasheet>~</datasheet>
      <libsource lib="Device" part="C_Small" description="Unpolarized capacitor, small symbol"/>
      <sheetpath names="/ATT_HMC1119LP/" tstamps="/60F69B08/"/>
      <tstamp>61034217</tstamp>
    </comp>
    <comp ref="J1">
      <value>Conn_02x09_Odd_Even</value>
      <footprint>Connector_PinHeader_2.54mm:PinHeader_2x09_P2.54mm_Vertical</footprint>
      <datasheet>~</datasheet>
      <libsource lib="Connector_Generic" part="Conn_02x09_Odd_Even" description="Generic connector, double row, 02x09, odd/even pin numbering scheme (row 1 odd numbers, row 2 even numbers), script generated (kicad-library-utils/schlib/autogen/connector/)"/>
      <sheetpath names="/ATT_HMC1119LP/" tstamps="/60F69B08/"/>
      <tstamp>610460FF</tstamp>
    </comp>
    <comp ref="J2">
      <value>Conn_02x14_Odd_Even</value>
      <footprint>Connector_PinHeader_2.54mm:PinHeader_2x14_P2.54mm_Vertical</footprint>
      <datasheet>~</datasheet>
      <libsource lib="Connector_Generic" part="Conn_02x14_Odd_Even" description="Generic connector, double row, 02x14, odd/even pin numbering scheme (row 1 odd numbers, row 2 even numbers), script generated (kicad-library-utils/schlib/autogen/connector/)"/>
      <sheetpath names="/ATT_HMC1119LP/" tstamps="/60F69B08/"/>
      <tstamp>60F76CA6</tstamp>
    </comp>
    <comp ref="R12">
      <value>100K</value>
      <footprint>Resistor_SMD:R_0402_1005Metric</footprint>
      <datasheet>~</datasheet>
      <libsource lib="Device" part="R" description="Resistor"/>
      <sheetpath names="/ATT_HMC1119LP/" tstamps="/60F69B08/"/>
      <tstamp>60FB6417</tstamp>
    </comp>
    <comp ref="R13">
      <value>100K</value>
      <footprint>Resistor_SMD:R_0402_1005Metric</footprint>
      <datasheet>~</datasheet>
      <libsource lib="Device" part="R" description="Resistor"/>
      <sheetpath names="/ATT_HMC1119LP/" tstamps="/60F69B08/"/>
      <tstamp>60FB6ED6</tstamp>
    </comp>
    <comp ref="R14">
      <value>100K</value>
      <footprint>Resistor_SMD:R_0402_1005Metric</footprint>
      <datasheet>~</datasheet>
      <libsource lib="Device" part="R" description="Resistor"/>
      <sheetpath names="/ATT_HMC1119LP/" tstamps="/60F69B08/"/>
      <tstamp>60FB76F4</tstamp>
    </comp>
    <comp ref="R15">
      <value>100K</value>
      <footprint>Resistor_SMD:R_0402_1005Metric</footprint>
      <datasheet>~</datasheet>
      <libsource lib="Device" part="R" description="Resistor"/>
      <sheetpath names="/ATT_HMC1119LP/" tstamps="/60F69B08/"/>
      <tstamp>60FB76FA</tstamp>
    </comp>
    <comp ref="R16">
      <value>100K</value>
      <footprint>Resistor_SMD:R_0402_1005Metric</footprint>
      <datasheet>~</datasheet>
      <libsource lib="Device" part="R" description="Resistor"/>
      <sheetpath names="/ATT_HMC1119LP/" tstamps="/60F69B08/"/>
      <tstamp>60FC0016</tstamp>
    </comp>
    <comp ref="R17">
      <value>100K</value>
      <footprint>Resistor_SMD:R_0402_1005Metric</footprint>
      <datasheet>~</datasheet>
      <libsource lib="Device" part="R" description="Resistor"/>
      <sheetpath names="/ATT_HMC1119LP/" tstamps="/60F69B08/"/>
      <tstamp>60FC001C</tstamp>
    </comp>
    <comp ref="R18">
      <value>100K</value>
      <footprint>Resistor_SMD:R_0402_1005Metric</footprint>
      <datasheet>~</datasheet>
      <libsource lib="Device" part="R" description="Resistor"/>
      <sheetpath names="/ATT_HMC1119LP/" tstamps="/60F69B08/"/>
      <tstamp>60FC0022</tstamp>
    </comp>
    <comp ref="R19">
      <value>100K</value>
      <footprint>Resistor_SMD:R_0402_1005Metric</footprint>
      <datasheet>~</datasheet>
      <libsource lib="Device" part="R" description="Resistor"/>
      <sheetpath names="/ATT_HMC1119LP/" tstamps="/60F69B08/"/>
      <tstamp>60FC0028</tstamp>
    </comp>
    <comp ref="R20">
      <value>100K</value>
      <footprint>Resistor_SMD:R_0402_1005Metric</footprint>
      <datasheet>~</datasheet>
      <libsource lib="Device" part="R" description="Resistor"/>
      <sheetpath names="/ATT_HMC1119LP/" tstamps="/60F69B08/"/>
      <tstamp>60FC8FE6</tstamp>
    </comp>
    <comp ref="R21">
      <value>100K</value>
      <footprint>Resistor_SMD:R_0402_1005Metric</footprint>
      <datasheet>~</datasheet>
      <libsource lib="Device" part="R" description="Resistor"/>
      <sheetpath names="/ATT_HMC1119LP/" tstamps="/60F69B08/"/>
      <tstamp>60FC8FEC</tstamp>
    </comp>
    <comp ref="R22">
      <value>100K</value>
      <footprint>Resistor_SMD:R_0402_1005Metric</footprint>
      <datasheet>~</datasheet>
      <libsource lib="Device" part="R" description="Resistor"/>
      <sheetpath names="/ATT_HMC1119LP/" tstamps="/60F69B08/"/>
      <tstamp>60FC8FF2</tstamp>
    </comp>
    <comp ref="R23">
      <value>100K</value>
      <footprint>Resistor_SMD:R_0402_1005Metric</footprint>
      <datasheet>~</datasheet>
      <libsource lib="Device" part="R" description="Resistor"/>
      <sheetpath names="/ATT_HMC1119LP/" tstamps="/60F69B08/"/>
      <tstamp>60FC8FF8</tstamp>
    </comp>
    <comp ref="R24">
      <value>100K</value>
      <footprint>Resistor_SMD:R_0402_1005Metric</footprint>
      <datasheet>~</datasheet>
      <libsource lib="Device" part="R" description="Resistor"/>
      <sheetpath names="/ATT_HMC1119LP/" tstamps="/60F69B08/"/>
      <tstamp>60FC8FFE</tstamp>
    </comp>
    <comp ref="R25">
      <value>100K</value>
      <footprint>Resistor_SMD:R_0402_1005Metric</footprint>
      <datasheet>~</datasheet>
      <libsource lib="Device" part="R" description="Resistor"/>
      <sheetpath names="/ATT_HMC1119LP/" tstamps="/60F69B08/"/>
      <tstamp>60FC9004</tstamp>
    </comp>
    <comp ref="U2">
      <value>HMC1133LP5E</value>
      <footprint>ilab:HMC1133LP5E</footprint>
      <libsource lib="ilab" part="HMC1133LP5E" description=""/>
      <sheetpath names="/PS_HMC1133/" tstamps="/60F68129/"/>
      <tstamp>60F6DE6A</tstamp>
    </comp>
    <comp ref="J3">
      <value>Conn_02x06_Odd_Even</value>
      <footprint>Connector_PinHeader_2.54mm:PinHeader_2x06_P2.54mm_Vertical</footprint>
      <datasheet>~</datasheet>
      <libsource lib="Connector_Generic" part="Conn_02x06_Odd_Even" description="Generic connector, double row, 02x06, odd/even pin numbering scheme (row 1 odd numbers, row 2 even numbers), script generated (kicad-library-utils/schlib/autogen/connector/)"/>
      <sheetpath names="/PS_HMC1133/" tstamps="/60F68129/"/>
      <tstamp>610F31D9</tstamp>
    </comp>
    <comp ref="R27">
      <value>100K</value>
      <footprint>Resistor_SMD:R_0402_1005Metric</footprint>
      <datasheet>~</datasheet>
      <libsource lib="Device" part="R" description="Resistor"/>
      <sheetpath names="/PS_HMC1133/" tstamps="/60F68129/"/>
      <tstamp>610F8485</tstamp>
    </comp>
    <comp ref="R28">
      <value>100K</value>
      <footprint>Resistor_SMD:R_0402_1005Metric</footprint>
      <datasheet>~</datasheet>
      <libsource lib="Device" part="R" description="Resistor"/>
      <sheetpath names="/PS_HMC1133/" tstamps="/60F68129/"/>
      <tstamp>610F87D9</tstamp>
    </comp>
    <comp ref="R29">
      <value>100K</value>
      <footprint>Resistor_SMD:R_0402_1005Metric</footprint>
      <datasheet>~</datasheet>
      <libsource lib="Device" part="R" description="Resistor"/>
      <sheetpath names="/PS_HMC1133/" tstamps="/60F68129/"/>
      <tstamp>610F8862</tstamp>
    </comp>
    <comp ref="R30">
      <value>100K</value>
      <footprint>Resistor_SMD:R_0402_1005Metric</footprint>
      <datasheet>~</datasheet>
      <libsource lib="Device" part="R" description="Resistor"/>
      <sheetpath names="/PS_HMC1133/" tstamps="/60F68129/"/>
      <tstamp>610F89DB</tstamp>
    </comp>
    <comp ref="R26">
      <value>100K</value>
      <footprint>Resistor_SMD:R_0402_1005Metric</footprint>
      <datasheet>~</datasheet>
      <libsource lib="Device" part="R" description="Resistor"/>
      <sheetpath names="/PS_HMC1133/" tstamps="/60F68129/"/>
      <tstamp>610F8D46</tstamp>
    </comp>
    <comp ref="R31">
      <value>100K</value>
      <footprint>Resistor_SMD:R_0402_1005Metric</footprint>
      <datasheet>~</datasheet>
      <libsource lib="Device" part="R" description="Resistor"/>
      <sheetpath names="/PS_HMC1133/" tstamps="/60F68129/"/>
      <tstamp>610F8E61</tstamp>
    </comp>
    <comp ref="U8">
      <value>HMC408LP3E</value>
      <footprint>ilab:HMC408LP3E</footprint>
      <libsource lib="ilab" part="HMC408LP3E" description=""/>
      <sheetpath names="/PA_HMC408/" tstamps="/60FE61A9/"/>
      <tstamp>60FE69A5</tstamp>
    </comp>
    <comp ref="C44">
      <value>0.5pF/X7R/(0402)</value>
      <footprint>Capacitor_SMD:C_0402_1005Metric</footprint>
      <datasheet>~</datasheet>
      <libsource lib="Device" part="C_Small" description="Unpolarized capacitor, small symbol"/>
      <sheetpath names="/PA_HMC408/" tstamps="/60FE61A9/"/>
      <tstamp>610A809D</tstamp>
    </comp>
    <comp ref="C46">
      <value>0.5pF/X7R/(0402)</value>
      <footprint>Capacitor_SMD:C_0402_1005Metric</footprint>
      <datasheet>~</datasheet>
      <libsource lib="Device" part="C_Small" description="Unpolarized capacitor, small symbol"/>
      <sheetpath names="/PA_HMC408/" tstamps="/60FE61A9/"/>
      <tstamp>610A84E6</tstamp>
    </comp>
    <comp ref="L2">
      <value>1.6nH</value>
      <footprint>Inductor_SMD:L_0603_1608Metric</footprint>
      <datasheet>~</datasheet>
      <libsource lib="Device" part="L_Small" description="Inductor, small symbol"/>
      <sheetpath names="/PA_HMC408/" tstamps="/60FE61A9/"/>
      <tstamp>610AD325</tstamp>
    </comp>
    <comp ref="C45">
      <value>10pF/X7R/(0402)</value>
      <footprint>Capacitor_SMD:C_0402_1005Metric</footprint>
      <datasheet>~</datasheet>
      <libsource lib="Device" part="C_Small" description="Unpolarized capacitor, small symbol"/>
      <sheetpath names="/PA_HMC408/" tstamps="/60FE61A9/"/>
      <tstamp>610AE49D</tstamp>
    </comp>
    <comp ref="L1">
      <value>1.6nH</value>
      <footprint>Inductor_SMD:L_0603_1608Metric</footprint>
      <datasheet>~</datasheet>
      <libsource lib="Device" part="L_Small" description="Inductor, small symbol"/>
      <sheetpath names="/PA_HMC408/" tstamps="/60FE61A9/"/>
      <tstamp>610B06E0</tstamp>
    </comp>
    <comp ref="C47">
      <value>1nF/X7R/(0603)</value>
      <footprint>Capacitor_SMD:C_0603_1608Metric</footprint>
      <datasheet>~</datasheet>
      <libsource lib="Device" part="C_Small" description="Unpolarized capacitor, small symbol"/>
      <sheetpath names="/PA_HMC408/" tstamps="/60FE61A9/"/>
      <tstamp>610B189E</tstamp>
    </comp>
    <comp ref="C37">
      <value>1nF/X7R/(0603)</value>
      <footprint>Capacitor_SMD:C_0603_1608Metric</footprint>
      <datasheet>~</datasheet>
      <libsource lib="Device" part="C_Small" description="Unpolarized capacitor, small symbol"/>
      <sheetpath names="/PA_HMC408/" tstamps="/60FE61A9/"/>
      <tstamp>610B3AE8</tstamp>
    </comp>
    <comp ref="C40">
      <value>1nF/X7R/(0603)</value>
      <footprint>Capacitor_SMD:C_0603_1608Metric</footprint>
      <datasheet>~</datasheet>
      <libsource lib="Device" part="C_Small" description="Unpolarized capacitor, small symbol"/>
      <sheetpath names="/PA_HMC408/" tstamps="/60FE61A9/"/>
      <tstamp>610B40D4</tstamp>
    </comp>
    <comp ref="C42">
      <value>1nF/X7R/(0603)</value>
      <footprint>Capacitor_SMD:C_0603_1608Metric</footprint>
      <datasheet>~</datasheet>
      <libsource lib="Device" part="C_Small" description="Unpolarized capacitor, small symbol"/>
      <sheetpath names="/PA_HMC408/" tstamps="/60FE61A9/"/>
      <tstamp>610B4852</tstamp>
    </comp>
    <comp ref="C43">
      <value>2.2uF/Tantalum/293D225X9010A2TE3/(1206)</value>
      <footprint>Capacitor_SMD:C_1206_3216Metric</footprint>
      <datasheet>https://www.digikey.jp/product-detail/ja/vishay-sprague/293D225X9010A2TE3/718-1130-1-ND/1559624</datasheet>
      <libsource lib="Device" part="C_Small" description="Unpolarized capacitor, small symbol"/>
      <sheetpath names="/PA_HMC408/" tstamps="/60FE61A9/"/>
      <tstamp>610B4C66</tstamp>
    </comp>
    <comp ref="C41">
      <value>100pF/X7R/(0402)</value>
      <footprint>Capacitor_SMD:C_0402_1005Metric</footprint>
      <datasheet>~</datasheet>
      <libsource lib="Device" part="C_Small" description="Unpolarized capacitor, small symbol"/>
      <sheetpath names="/PA_HMC408/" tstamps="/60FE61A9/"/>
      <tstamp>610B5BDD</tstamp>
    </comp>
    <comp ref="C39">
      <value>100pF/X7R/(0402)</value>
      <footprint>Capacitor_SMD:C_0402_1005Metric</footprint>
      <datasheet>~</datasheet>
      <libsource lib="Device" part="C_Small" description="Unpolarized capacitor, small symbol"/>
      <sheetpath names="/PA_HMC408/" tstamps="/60FE61A9/"/>
      <tstamp>610B7ED5</tstamp>
    </comp>
    <comp ref="C38">
      <value>100pF/X7R/(0402)</value>
      <footprint>Capacitor_SMD:C_0402_1005Metric</footprint>
      <datasheet>~</datasheet>
      <libsource lib="Device" part="C_Small" description="Unpolarized capacitor, small symbol"/>
      <sheetpath names="/PA_HMC408/" tstamps="/60FE61A9/"/>
      <tstamp>610BBB11</tstamp>
    </comp>
  </components>
  <libparts>
    <libpart lib="Connector" part="Conn_Coaxial">
      <description>coaxial connector (BNC, SMA, SMB, SMC, Cinch/RCA, ...)</description>
      <docs> ~</docs>
      <footprints>
        <fp>*BNC*</fp>
        <fp>*SMA*</fp>
        <fp>*SMB*</fp>
        <fp>*SMC*</fp>
        <fp>*Cinch*</fp>
      </footprints>
      <fields>
        <field name="Reference">J</field>
        <field name="Value">Conn_Coaxial</field>
      </fields>
      <pins>
        <pin num="1" name="In" type="passive"/>
        <pin num="2" name="Ext" type="passive"/>
      </pins>
    </libpart>
    <libpart lib="Connector" part="TestPoint_Small">
      <description>test point</description>
      <docs>~</docs>
      <footprints>
        <fp>Pin*</fp>
        <fp>Test*</fp>
      </footprints>
      <fields>
        <field name="Reference">TP</field>
        <field name="Value">TestPoint_Small</field>
      </fields>
      <pins>
        <pin num="1" name="1" type="passive"/>
      </pins>
    </libpart>
    <libpart lib="Connector_Generic" part="Conn_01x01">
      <description>Generic connector, single row, 01x01, script generated (kicad-library-utils/schlib/autogen/connector/)</description>
      <docs>~</docs>
      <footprints>
        <fp>Connector*:*_1x??_*</fp>
      </footprints>
      <fields>
        <field name="Reference">J</field>
        <field name="Value">Conn_01x01</field>
      </fields>
      <pins>
        <pin num="1" name="Pin_1" type="passive"/>
      </pins>
    </libpart>
    <libpart lib="Connector_Generic" part="Conn_02x06_Odd_Even">
      <description>Generic connector, double row, 02x06, odd/even pin numbering scheme (row 1 odd numbers, row 2 even numbers), script generated (kicad-library-utils/schlib/autogen/connector/)</description>
      <docs>~</docs>
      <footprints>
        <fp>Connector*:*_2x??_*</fp>
      </footprints>
      <fields>
        <field name="Reference">J</field>
        <field name="Value">Conn_02x06_Odd_Even</field>
      </fields>
      <pins>
        <pin num="1" name="Pin_1" type="passive"/>
        <pin num="2" name="Pin_2" type="passive"/>
        <pin num="3" name="Pin_3" type="passive"/>
        <pin num="4" name="Pin_4" type="passive"/>
        <pin num="5" name="Pin_5" type="passive"/>
        <pin num="6" name="Pin_6" type="passive"/>
        <pin num="7" name="Pin_7" type="passive"/>
        <pin num="8" name="Pin_8" type="passive"/>
        <pin num="9" name="Pin_9" type="passive"/>
        <pin num="10" name="Pin_10" type="passive"/>
        <pin num="11" name="Pin_11" type="passive"/>
        <pin num="12" name="Pin_12" type="passive"/>
      </pins>
    </libpart>
    <libpart lib="Connector_Generic" part="Conn_02x09_Odd_Even">
      <description>Generic connector, double row, 02x09, odd/even pin numbering scheme (row 1 odd numbers, row 2 even numbers), script generated (kicad-library-utils/schlib/autogen/connector/)</description>
      <docs>~</docs>
      <footprints>
        <fp>Connector*:*_2x??_*</fp>
      </footprints>
      <fields>
        <field name="Reference">J</field>
        <field name="Value">Conn_02x09_Odd_Even</field>
      </fields>
      <pins>
        <pin num="1" name="Pin_1" type="passive"/>
        <pin num="2" name="Pin_2" type="passive"/>
        <pin num="3" name="Pin_3" type="passive"/>
        <pin num="4" name="Pin_4" type="passive"/>
        <pin num="5" name="Pin_5" type="passive"/>
        <pin num="6" name="Pin_6" type="passive"/>
        <pin num="7" name="Pin_7" type="passive"/>
        <pin num="8" name="Pin_8" type="passive"/>
        <pin num="9" name="Pin_9" type="passive"/>
        <pin num="10" name="Pin_10" type="passive"/>
        <pin num="11" name="Pin_11" type="passive"/>
        <pin num="12" name="Pin_12" type="passive"/>
        <pin num="13" name="Pin_13" type="passive"/>
        <pin num="14" name="Pin_14" type="passive"/>
        <pin num="15" name="Pin_15" type="passive"/>
        <pin num="16" name="Pin_16" type="passive"/>
        <pin num="17" name="Pin_17" type="passive"/>
        <pin num="18" name="Pin_18" type="passive"/>
      </pins>
    </libpart>
    <libpart lib="Connector_Generic" part="Conn_02x14_Odd_Even">
      <description>Generic connector, double row, 02x14, odd/even pin numbering scheme (row 1 odd numbers, row 2 even numbers), script generated (kicad-library-utils/schlib/autogen/connector/)</description>
      <docs>~</docs>
      <footprints>
        <fp>Connector*:*_2x??_*</fp>
      </footprints>
      <fields>
        <field name="Reference">J</field>
        <field name="Value">Conn_02x14_Odd_Even</field>
      </fields>
      <pins>
        <pin num="1" name="Pin_1" type="passive"/>
        <pin num="2" name="Pin_2" type="passive"/>
        <pin num="3" name="Pin_3" type="passive"/>
        <pin num="4" name="Pin_4" type="passive"/>
        <pin num="5" name="Pin_5" type="passive"/>
        <pin num="6" name="Pin_6" type="passive"/>
        <pin num="7" name="Pin_7" type="passive"/>
        <pin num="8" name="Pin_8" type="passive"/>
        <pin num="9" name="Pin_9" type="passive"/>
        <pin num="10" name="Pin_10" type="passive"/>
        <pin num="11" name="Pin_11" type="passive"/>
        <pin num="12" name="Pin_12" type="passive"/>
        <pin num="13" name="Pin_13" type="passive"/>
        <pin num="14" name="Pin_14" type="passive"/>
        <pin num="15" name="Pin_15" type="passive"/>
        <pin num="16" name="Pin_16" type="passive"/>
        <pin num="17" name="Pin_17" type="passive"/>
        <pin num="18" name="Pin_18" type="passive"/>
        <pin num="19" name="Pin_19" type="passive"/>
        <pin num="20" name="Pin_20" type="passive"/>
        <pin num="21" name="Pin_21" type="passive"/>
        <pin num="22" name="Pin_22" type="passive"/>
        <pin num="23" name="Pin_23" type="passive"/>
        <pin num="24" name="Pin_24" type="passive"/>
        <pin num="25" name="Pin_25" type="passive"/>
        <pin num="26" name="Pin_26" type="passive"/>
        <pin num="27" name="Pin_27" type="passive"/>
        <pin num="28" name="Pin_28" type="passive"/>
      </pins>
    </libpart>
    <libpart lib="Device" part="C_Small">
      <description>Unpolarized capacitor, small symbol</description>
      <docs>~</docs>
      <footprints>
        <fp>C_*</fp>
      </footprints>
      <fields>
        <field name="Reference">C</field>
        <field name="Value">C_Small</field>
      </fields>
      <pins>
        <pin num="1" name="~" type="passive"/>
        <pin num="2" name="~" type="passive"/>
      </pins>
    </libpart>
    <libpart lib="Device" part="L_Small">
      <description>Inductor, small symbol</description>
      <docs>~</docs>
      <footprints>
        <fp>Choke_*</fp>
        <fp>*Coil*</fp>
        <fp>Inductor_*</fp>
        <fp>L_*</fp>
      </footprints>
      <fields>
        <field name="Reference">L</field>
        <field name="Value">L_Small</field>
      </fields>
      <pins>
        <pin num="1" name="~" type="passive"/>
        <pin num="2" name="~" type="passive"/>
      </pins>
    </libpart>
    <libpart lib="Device" part="R">
      <description>Resistor</description>
      <docs>~</docs>
      <footprints>
        <fp>R_*</fp>
      </footprints>
      <fields>
        <field name="Reference">R</field>
        <field name="Value">R</field>
      </fields>
      <pins>
        <pin num="1" name="~" type="passive"/>
        <pin num="2" name="~" type="passive"/>
      </pins>
    </libpart>
    <libpart lib="Mechanical" part="MountingHole_Pad">
      <description>Mounting Hole with connection</description>
      <docs>~</docs>
      <footprints>
        <fp>MountingHole*Pad*</fp>
      </footprints>
      <fields>
        <field name="Reference">H</field>
        <field name="Value">MountingHole_Pad</field>
      </fields>
      <pins>
        <pin num="1" name="1" type="input"/>
      </pins>
    </libpart>
    <libpart lib="ilab" part="FPC06152">
      <fields>
        <field name="Reference">U</field>
        <field name="Value">FPC06152</field>
      </fields>
      <pins>
        <pin num="1" name="IN" type="input"/>
        <pin num="2" name="THRU" type="input"/>
        <pin num="3" name="CPL" type="input"/>
        <pin num="4" name="ISO" type="input"/>
      </pins>
    </libpart>
    <libpart lib="ilab" part="HMC1119LP4ME">
      <footprints>
        <fp>HCP-24-3_ADI</fp>
        <fp>HCP-24-3_ADI-M</fp>
        <fp>HCP-24-3_ADI-L</fp>
      </footprints>
      <fields>
        <field name="Reference">U</field>
        <field name="Value">HMC1119LP4ME</field>
        <field name="Footprint">HCP-24-3_ADI</field>
      </fields>
      <pins>
        <pin num="1" name="D0" type="input"/>
        <pin num="2" name="VDD" type="power_in"/>
        <pin num="3" name="P/S" type="input"/>
        <pin num="4" name="GND" type="power_in"/>
        <pin num="5" name="ATTNIN" type="input"/>
        <pin num="6" name="GND" type="power_in"/>
        <pin num="7" name="GND" type="power_in"/>
        <pin num="8" name="GND" type="power_in"/>
        <pin num="9" name="GND" type="power_in"/>
        <pin num="10" name="GND" type="power_in"/>
        <pin num="11" name="GND" type="power_in"/>
        <pin num="12" name="GND" type="power_in"/>
        <pin num="13" name="GND" type="power_in"/>
        <pin num="14" name="ATTNOUT" type="output"/>
        <pin num="15" name="GND" type="power_in"/>
        <pin num="16" name="LE" type="input"/>
        <pin num="17" name="CLK" type="input"/>
        <pin num="18" name="SERNIN" type="input"/>
        <pin num="19" name="D6" type="input"/>
        <pin num="20" name="D5" type="input"/>
        <pin num="21" name="D4" type="input"/>
        <pin num="22" name="D3" type="input"/>
        <pin num="23" name="D2" type="input"/>
        <pin num="24" name="D1" type="input"/>
        <pin num="25" name="RF/DC_GROUND" type="power_in"/>
      </pins>
    </libpart>
    <libpart lib="ilab" part="HMC1133LP5E">
      <footprints>
        <fp>HCP_32_ADI</fp>
        <fp>HCP_32_ADI-M</fp>
        <fp>HCP_32_ADI-L</fp>
      </footprints>
      <fields>
        <field name="Reference">U</field>
        <field name="Value">HMC1133LP5E</field>
        <field name="Footprint">HCP_32_ADI</field>
      </fields>
      <pins>
        <pin num="1" name="N/C" type="unspc"/>
        <pin num="2" name="N/C" type="unspc"/>
        <pin num="3" name="N/C" type="unspc"/>
        <pin num="4" name="N/C" type="unspc"/>
        <pin num="5" name="RF1" type="unspc"/>
        <pin num="6" name="N/C" type="unspc"/>
        <pin num="7" name="N/C" type="unspc"/>
        <pin num="8" name="N/C" type="unspc"/>
        <pin num="9" name="N/C" type="unspc"/>
        <pin num="10" name="N/C" type="unspc"/>
        <pin num="11" name="N/C" type="unspc"/>
        <pin num="12" name="N/C" type="unspc"/>
        <pin num="13" name="N/C" type="unspc"/>
        <pin num="14" name="N/C" type="unspc"/>
        <pin num="15" name="N/C" type="unspc"/>
        <pin num="16" name="N/C" type="unspc"/>
        <pin num="17" name="N/C" type="unspc"/>
        <pin num="18" name="N/C" type="unspc"/>
        <pin num="19" name="N/C" type="unspc"/>
        <pin num="20" name="RF2" type="unspc"/>
        <pin num="21" name="N/C" type="unspc"/>
        <pin num="22" name="N/C" type="unspc"/>
        <pin num="23" name="N/C" type="unspc"/>
        <pin num="24" name="N/C" type="unspc"/>
        <pin num="25" name="VDD" type="unspc"/>
        <pin num="26" name="BIT6" type="unspc"/>
        <pin num="27" name="BIT5" type="unspc"/>
        <pin num="28" name="BIT4" type="unspc"/>
        <pin num="29" name="BIT3" type="unspc"/>
        <pin num="30" name="BIT2" type="unspc"/>
        <pin num="31" name="BIT1" type="unspc"/>
        <pin num="32" name="VSS" type="unspc"/>
        <pin num="33" name="EP_GND" type="unspc"/>
      </pins>
    </libpart>
    <libpart lib="ilab" part="HMC408LP3E">
      <footprints>
        <fp>HCP_16_1_ADI</fp>
        <fp>HCP_16_1_ADI-M</fp>
        <fp>HCP_16_1_ADI-L</fp>
      </footprints>
      <fields>
        <field name="Reference">U</field>
        <field name="Value">HMC408LP3E</field>
      </fields>
      <pins>
        <pin num="1" name="VPD" type="unspc"/>
        <pin num="2" name="N/C" type="unspc"/>
        <pin num="3" name="RFIN" type="unspc"/>
        <pin num="4" name="N/C" type="unspc"/>
        <pin num="5" name="N/C" type="unspc"/>
        <pin num="6" name="N/C" type="unspc"/>
        <pin num="7" name="N/C" type="unspc"/>
        <pin num="8" name="N/C" type="unspc"/>
        <pin num="9" name="RFOUT" type="unspc"/>
        <pin num="10" name="RFOUT" type="unspc"/>
        <pin num="11" name="RFOUT" type="unspc"/>
        <pin num="12" name="N/C" type="unspc"/>
        <pin num="13" name="N/C" type="unspc"/>
        <pin num="14" name="VCC2" type="unspc"/>
        <pin num="15" name="N/C" type="unspc"/>
        <pin num="16" name="VCC1" type="unspc"/>
        <pin num="17" name="EPGND" type="unspc"/>
      </pins>
    </libpart>
  </libparts>
  <libraries>
    <library logical="Connector">
      <uri>/Library/Application Support/kicad/library/Connector.lib</uri>
    </library>
    <library logical="Connector_Generic">
      <uri>/Library/Application Support/kicad/library/Connector_Generic.lib</uri>
    </library>
    <library logical="Device">
      <uri>/Library/Application Support/kicad/library/Device.lib</uri>
    </library>
    <library logical="Mechanical">
      <uri>/Library/Application Support/kicad/library/Mechanical.lib</uri>
    </library>
    <library logical="ilab">
      <uri>/Users/shuya/Documents/KiCad/RFID_FB_NKG/lib/ilab.lib</uri>
    </library>
  </libraries>
  <nets>
    <net code="1" name="/ATT_HMC1119LP/RFOUT">
      <node ref="C16" pin="1"/>
      <node ref="U3" pin="4"/>
    </net>
    <net code="2" name="/ATT_HMC1119LP/RFIN">
      <node ref="C11" pin="2"/>
      <node ref="U2" pin="20"/>
    </net>
    <net code="3" name="GND">
      <node ref="U1" pin="8"/>
      <node ref="C5" pin="1"/>
      <node ref="C6" pin="1"/>
      <node ref="C7" pin="1"/>
      <node ref="C8" pin="1"/>
      <node ref="C9" pin="1"/>
      <node ref="U1" pin="7"/>
      <node ref="C10" pin="1"/>
      <node ref="U1" pin="6"/>
      <node ref="J4" pin="2"/>
      <node ref="J8" pin="2"/>
      <node ref="J5" pin="2"/>
      <node ref="R35" pin="2"/>
      <node ref="R36" pin="2"/>
      <node ref="J9" pin="2"/>
      <node ref="U1" pin="4"/>
      <node ref="U1" pin="25"/>
      <node ref="C4" pin="1"/>
      <node ref="H1" pin="1"/>
      <node ref="H2" pin="1"/>
      <node ref="H3" pin="1"/>
      <node ref="H4" pin="1"/>
      <node ref="J7" pin="1"/>
      <node ref="J13" pin="1"/>
      <node ref="TP6" pin="1"/>
      <node ref="U1" pin="15"/>
      <node ref="U1" pin="13"/>
      <node ref="R31" pin="2"/>
      <node ref="U1" pin="12"/>
      <node ref="R26" pin="2"/>
      <node ref="U1" pin="11"/>
      <node ref="R30" pin="2"/>
      <node ref="U1" pin="10"/>
      <node ref="R29" pin="2"/>
      <node ref="R28" pin="2"/>
      <node ref="U8" pin="12"/>
      <node ref="R27" pin="2"/>
      <node ref="U8" pin="13"/>
      <node ref="U8" pin="15"/>
      <node ref="R25" pin="1"/>
      <node ref="U8" pin="17"/>
      <node ref="U8" pin="2"/>
      <node ref="R23" pin="1"/>
      <node ref="U8" pin="4"/>
      <node ref="R21" pin="1"/>
      <node ref="U8" pin="5"/>
      <node ref="U8" pin="6"/>
      <node ref="R19" pin="1"/>
      <node ref="U8" pin="7"/>
      <node ref="U8" pin="8"/>
      <node ref="R17" pin="1"/>
      <node ref="R15" pin="1"/>
      <node ref="C44" pin="1"/>
      <node ref="C46" pin="2"/>
      <node ref="R13" pin="1"/>
      <node ref="C47" pin="2"/>
      <node ref="C37" pin="2"/>
      <node ref="C40" pin="2"/>
      <node ref="C42" pin="2"/>
      <node ref="C43" pin="2"/>
      <node ref="U2" pin="33"/>
      <node ref="C41" pin="2"/>
      <node ref="C39" pin="2"/>
      <node ref="C38" pin="2"/>
      <node ref="J1" pin="16"/>
      <node ref="C1" pin="1"/>
      <node ref="C2" pin="1"/>
      <node ref="C3" pin="1"/>
      <node ref="C14" pin="1"/>
      <node ref="C12" pin="1"/>
      <node ref="C15" pin="1"/>
      <node ref="U1" pin="9"/>
      <node ref="C13" pin="1"/>
    </net>
    <net code="5" name="/PA_HMC408/RFIN">
      <node ref="U4" pin="2"/>
      <node ref="U8" pin="3"/>
    </net>
    <net code="6" name="/PA_HMC408/RFOUT">
      <node ref="J9" pin="1"/>
      <node ref="C45" pin="1"/>
    </net>
    <net code="7" name="Net-(J4-Pad1)">
      <node ref="U3" pin="2"/>
      <node ref="J4" pin="1"/>
    </net>
    <net code="8" name="Net-(J8-Pad1)">
      <node ref="U4" pin="1"/>
      <node ref="J8" pin="1"/>
    </net>
    <net code="9" name="Net-(J5-Pad1)">
      <node ref="U3" pin="1"/>
      <node ref="J5" pin="1"/>
    </net>
    <net code="10" name="Net-(R35-Pad1)">
      <node ref="U3" pin="3"/>
      <node ref="R35" pin="1"/>
    </net>
    <net code="11" name="Net-(R36-Pad1)">
      <node ref="R36" pin="1"/>
      <node ref="U4" pin="4"/>
    </net>
    <net code="12" name="+5VA">
      <node ref="R12" pin="1"/>
      <node ref="C3" pin="2"/>
      <node ref="C2" pin="2"/>
      <node ref="U8" pin="1"/>
      <node ref="C1" pin="2"/>
      <node ref="TP5" pin="1"/>
      <node ref="U8" pin="16"/>
      <node ref="J12" pin="1"/>
      <node ref="R24" pin="1"/>
      <node ref="C38" pin="1"/>
      <node ref="U2" pin="25"/>
      <node ref="J6" pin="1"/>
      <node ref="C39" pin="1"/>
      <node ref="R22" pin="1"/>
      <node ref="C41" pin="1"/>
      <node ref="R20" pin="1"/>
      <node ref="C43" pin="1"/>
      <node ref="R14" pin="1"/>
      <node ref="J3" pin="8"/>
      <node ref="R18" pin="1"/>
      <node ref="C42" pin="1"/>
      <node ref="J3" pin="6"/>
      <node ref="C40" pin="1"/>
      <node ref="J3" pin="4"/>
      <node ref="R16" pin="1"/>
      <node ref="C37" pin="1"/>
      <node ref="U1" pin="2"/>
      <node ref="J3" pin="10"/>
      <node ref="J3" pin="2"/>
      <node ref="L2" pin="1"/>
      <node ref="J3" pin="12"/>
      <node ref="C47" pin="1"/>
      <node ref="L1" pin="2"/>
    </net>
    <net code="13" name="-5VA">
      <node ref="TP7" pin="1"/>
      <node ref="J14" pin="1"/>
      <node ref="U2" pin="32"/>
    </net>
    <net code="14" name="/PS_HMC1133/RFIN">
      <node ref="U2" pin="5"/>
      <node ref="U4" pin="3"/>
    </net>
    <net code="15" name="Net-(J3-Pad9)">
      <node ref="J3" pin="9"/>
      <node ref="R27" pin="1"/>
      <node ref="U2" pin="27"/>
    </net>
    <net code="16" name="Net-(J3-Pad11)">
      <node ref="U2" pin="26"/>
      <node ref="R26" pin="1"/>
      <node ref="J3" pin="11"/>
    </net>
    <net code="17" name="Net-(J3-Pad7)">
      <node ref="R28" pin="1"/>
      <node ref="J3" pin="7"/>
      <node ref="U2" pin="28"/>
    </net>
    <net code="18" name="Net-(J3-Pad5)">
      <node ref="J3" pin="5"/>
      <node ref="R29" pin="1"/>
      <node ref="U2" pin="29"/>
    </net>
    <net code="19" name="Net-(J3-Pad3)">
      <node ref="U2" pin="30"/>
      <node ref="J3" pin="3"/>
      <node ref="R30" pin="1"/>
    </net>
    <net code="20" name="Net-(J3-Pad1)">
      <node ref="R31" pin="1"/>
      <node ref="U2" pin="31"/>
      <node ref="J3" pin="1"/>
    </net>
    <net code="21" name="Net-(U2-Pad9)">
      <node ref="U2" pin="9"/>
    </net>
    <net code="22" name="Net-(U2-Pad8)">
      <node ref="U2" pin="8"/>
    </net>
    <net code="23" name="Net-(U2-Pad7)">
      <node ref="U2" pin="7"/>
    </net>
    <net code="24" name="Net-(U2-Pad6)">
      <node ref="U2" pin="6"/>
    </net>
    <net code="25" name="Net-(U2-Pad4)">
      <node ref="U2" pin="4"/>
    </net>
    <net code="26" name="Net-(U2-Pad3)">
      <node ref="U2" pin="3"/>
    </net>
    <net code="27" name="Net-(U2-Pad24)">
      <node ref="U2" pin="24"/>
    </net>
    <net code="28" name="Net-(U2-Pad23)">
      <node ref="U2" pin="23"/>
    </net>
    <net code="29" name="Net-(U2-Pad22)">
      <node ref="U2" pin="22"/>
    </net>
    <net code="30" name="Net-(U2-Pad21)">
      <node ref="U2" pin="21"/>
    </net>
    <net code="31" name="Net-(U2-Pad2)">
      <node ref="U2" pin="2"/>
    </net>
    <net code="32" name="Net-(U2-Pad19)">
      <node ref="U2" pin="19"/>
    </net>
    <net code="33" name="Net-(U2-Pad18)">
      <node ref="U2" pin="18"/>
    </net>
    <net code="34" name="Net-(U2-Pad17)">
      <node ref="U2" pin="17"/>
    </net>
    <net code="35" name="Net-(U2-Pad16)">
      <node ref="U2" pin="16"/>
    </net>
    <net code="36" name="Net-(U2-Pad15)">
      <node ref="U2" pin="15"/>
    </net>
    <net code="37" name="Net-(U2-Pad14)">
      <node ref="U2" pin="14"/>
    </net>
    <net code="38" name="Net-(U2-Pad13)">
      <node ref="U2" pin="13"/>
    </net>
    <net code="39" name="Net-(U2-Pad12)">
      <node ref="U2" pin="12"/>
    </net>
    <net code="40" name="Net-(U2-Pad11)">
      <node ref="U2" pin="11"/>
    </net>
    <net code="41" name="Net-(U2-Pad10)">
      <node ref="U2" pin="10"/>
    </net>
    <net code="42" name="Net-(U2-Pad1)">
      <node ref="U2" pin="1"/>
    </net>
    <net code="43" name="/ATT_HMC1119LP/SERIN">
      <node ref="J1" pin="2"/>
      <node ref="R9" pin="1"/>
    </net>
    <net code="44" name="Net-(C13-Pad2)">
      <node ref="C13" pin="2"/>
      <node ref="U1" pin="18"/>
      <node ref="R9" pin="2"/>
    </net>
    <net code="45" name="Net-(C14-Pad2)">
      <node ref="U1" pin="17"/>
      <node ref="C14" pin="2"/>
      <node ref="R10" pin="1"/>
    </net>
    <net code="46" name="/ATT_HMC1119LP/CLK">
      <node ref="R10" pin="2"/>
      <node ref="J1" pin="3"/>
    </net>
    <net code="47" name="Net-(C15-Pad2)">
      <node ref="R11" pin="1"/>
      <node ref="C15" pin="2"/>
      <node ref="U1" pin="16"/>
    </net>
    <net code="48" name="/ATT_HMC1119LP/LE">
      <node ref="R11" pin="2"/>
      <node ref="J1" pin="1"/>
    </net>
    <net code="49" name="Net-(C4-Pad2)">
      <node ref="U1" pin="1"/>
      <node ref="R1" pin="1"/>
      <node ref="C4" pin="2"/>
    </net>
    <net code="50" name="/ATT_HMC1119LP/B0">
      <node ref="J1" pin="5"/>
      <node ref="R1" pin="2"/>
      <node ref="J2" pin="26"/>
      <node ref="J2" pin="28"/>
    </net>
    <net code="51" name="/ATT_HMC1119LP/B1">
      <node ref="J1" pin="6"/>
      <node ref="J2" pin="24"/>
      <node ref="J2" pin="22"/>
      <node ref="R2" pin="1"/>
    </net>
    <net code="52" name="Net-(C5-Pad2)">
      <node ref="U1" pin="24"/>
      <node ref="C5" pin="2"/>
      <node ref="R2" pin="2"/>
    </net>
    <net code="53" name="Net-(C6-Pad2)">
      <node ref="C6" pin="2"/>
      <node ref="R3" pin="1"/>
      <node ref="U1" pin="23"/>
    </net>
    <net code="54" name="/ATT_HMC1119LP/B2">
      <node ref="J1" pin="7"/>
      <node ref="J2" pin="18"/>
      <node ref="J2" pin="20"/>
      <node ref="R3" pin="2"/>
    </net>
    <net code="55" name="/ATT_HMC1119LP/B3">
      <node ref="J2" pin="14"/>
      <node ref="J2" pin="16"/>
      <node ref="J1" pin="8"/>
      <node ref="R4" pin="1"/>
    </net>
    <net code="56" name="Net-(C7-Pad2)">
      <node ref="R4" pin="2"/>
      <node ref="C7" pin="2"/>
      <node ref="U1" pin="22"/>
    </net>
    <net code="57" name="Net-(C8-Pad2)">
      <node ref="C8" pin="2"/>
      <node ref="R5" pin="1"/>
      <node ref="U1" pin="21"/>
    </net>
    <net code="58" name="/ATT_HMC1119LP/B4">
      <node ref="J1" pin="9"/>
      <node ref="J2" pin="10"/>
      <node ref="J2" pin="12"/>
      <node ref="R5" pin="2"/>
    </net>
    <net code="59" name="/ATT_HMC1119LP/B5">
      <node ref="J1" pin="10"/>
      <node ref="R6" pin="1"/>
      <node ref="J2" pin="8"/>
      <node ref="J2" pin="6"/>
    </net>
    <net code="60" name="Net-(C9-Pad2)">
      <node ref="C9" pin="2"/>
      <node ref="R6" pin="2"/>
      <node ref="U1" pin="20"/>
    </net>
    <net code="61" name="Net-(C10-Pad2)">
      <node ref="U1" pin="19"/>
      <node ref="C10" pin="2"/>
      <node ref="R7" pin="1"/>
    </net>
    <net code="62" name="/ATT_HMC1119LP/B6">
      <node ref="J1" pin="11"/>
      <node ref="R7" pin="2"/>
      <node ref="J2" pin="2"/>
      <node ref="J2" pin="4"/>
    </net>
    <net code="63" name="/ATT_HMC1119LP/PS">
      <node ref="J1" pin="4"/>
      <node ref="R8" pin="1"/>
    </net>
    <net code="64" name="Net-(C12-Pad2)">
      <node ref="C12" pin="2"/>
      <node ref="U1" pin="3"/>
      <node ref="R8" pin="2"/>
    </net>
    <net code="65" name="Net-(J1-Pad12)">
      <node ref="J1" pin="12"/>
    </net>
    <net code="66" name="Net-(J1-Pad13)">
      <node ref="J1" pin="13"/>
    </net>
    <net code="67" name="Net-(J1-Pad14)">
      <node ref="J1" pin="14"/>
    </net>
    <net code="68" name="Net-(J1-Pad15)">
      <node ref="J1" pin="15"/>
    </net>
    <net code="69" name="Net-(J1-Pad17)">
      <node ref="J1" pin="17"/>
    </net>
    <net code="70" name="Net-(J1-Pad18)">
      <node ref="J1" pin="18"/>
    </net>
    <net code="71" name="Net-(J2-Pad1)">
      <node ref="R12" pin="2"/>
      <node ref="J2" pin="1"/>
    </net>
    <net code="72" name="Net-(J2-Pad3)">
      <node ref="R13" pin="2"/>
      <node ref="J2" pin="3"/>
    </net>
    <net code="73" name="Net-(J2-Pad5)">
      <node ref="R14" pin="2"/>
      <node ref="J2" pin="5"/>
    </net>
    <net code="74" name="Net-(J2-Pad7)">
      <node ref="R15" pin="2"/>
      <node ref="J2" pin="7"/>
    </net>
    <net code="75" name="Net-(J2-Pad9)">
      <node ref="J2" pin="9"/>
      <node ref="R16" pin="2"/>
    </net>
    <net code="76" name="Net-(J2-Pad11)">
      <node ref="J2" pin="11"/>
      <node ref="R17" pin="2"/>
    </net>
    <net code="77" name="Net-(J2-Pad13)">
      <node ref="J2" pin="13"/>
      <node ref="R18" pin="2"/>
    </net>
    <net code="78" name="Net-(J2-Pad15)">
      <node ref="J2" pin="15"/>
      <node ref="R19" pin="2"/>
    </net>
    <net code="79" name="Net-(J2-Pad17)">
      <node ref="J2" pin="17"/>
      <node ref="R20" pin="2"/>
    </net>
    <net code="80" name="Net-(J2-Pad19)">
      <node ref="J2" pin="19"/>
      <node ref="R21" pin="2"/>
    </net>
    <net code="81" name="Net-(J2-Pad21)">
      <node ref="J2" pin="21"/>
      <node ref="R22" pin="2"/>
    </net>
    <net code="82" name="Net-(J2-Pad23)">
      <node ref="J2" pin="23"/>
      <node ref="R23" pin="2"/>
    </net>
    <net code="83" name="Net-(J2-Pad25)">
      <node ref="J2" pin="25"/>
      <node ref="R24" pin="2"/>
    </net>
    <net code="84" name="Net-(J2-Pad27)">
      <node ref="J2" pin="27"/>
      <node ref="R25" pin="2"/>
    </net>
    <net code="85" name="Net-(C11-Pad1)">
      <node ref="U1" pin="5"/>
      <node ref="C11" pin="1"/>
    </net>
    <net code="86" name="Net-(C16-Pad2)">
      <node ref="C16" pin="2"/>
      <node ref="U1" pin="14"/>
    </net>
    <net code="87" name="Net-(L1-Pad1)">
      <node ref="L1" pin="1"/>
      <node ref="U8" pin="14"/>
    </net>
    <net code="88" name="Net-(C44-Pad2)">
      <node ref="C45" pin="2"/>
      <node ref="L2" pin="2"/>
      <node ref="C46" pin="1"/>
      <node ref="C44" pin="2"/>
      <node ref="U8" pin="9"/>
      <node ref="U8" pin="11"/>
      <node ref="U8" pin="10"/>
    </net>
  </nets>
</export>
